Section,MainTopic,SubTopic,Book,Chapter,Verse

"========== MIND ==========", , , , ,
"========== ABANDONMENT ==========", , , , ,
"Mind,Body,Spirit",Mind,Abandonment,Leviticus,26,12
"Mind,Body,Spirit",Mind,Abandonment,Deuteronomy,31,6
"Mind,Body,Spirit",Mind,Abandonment,Deuteronomy,31,8
"Mind,Body,Spirit",Mind,Abandonment,Joshua,1,5
"Mind,Body,Spirit",Mind,Abandonment,Joshua,1,9
"Mind,Body,Spirit",Mind,Abandonment,Psalms,9,10
"Mind,Body,Spirit",Mind,Abandonment,Psalms,22,1
"Mind,Body,Spirit",Mind,Abandonment,Psalms,23,4
"Mind,Body,Spirit",Mind,Abandonment,Psalms,27,10
"Mind,Body,Spirit",Mind,Abandonment,Psalms,37,28
"Mind,Body,Spirit",Mind,Abandonment,Psalms,38,21
"Mind,Body,Spirit",Mind,Abandonment,Psalms,51,11
"Mind,Body,Spirit",Mind,Abandonment,Psalms,71,9
"Mind,Body,Spirit",Mind,Abandonment,Psalms,94,14
"Mind,Body,Spirit",Mind,Abandonment,Isaiah,41,17
"Mind,Body,Spirit",Mind,Abandonment,Isaiah,49,15
"Mind,Body,Spirit",Mind,Abandonment,Isaiah,49,16
"Mind,Body,Spirit",Mind,Abandonment,Matthew,28,20
"Mind,Body,Spirit",Mind,Abandonment,Mark,15,34
"Mind,Body,Spirit",Mind,Abandonment,John,14,18
"Mind,Body,Spirit",Mind,Abandonment,Romans,8,35
"Mind,Body,Spirit",Mind,Abandonment,Romans,8,36
"Mind,Body,Spirit",Mind,Abandonment,Romans,8,37
"Mind,Body,Spirit",Mind,Abandonment,Romans,8,38
"Mind,Body,Spirit",Mind,Abandonment,Romans,8,39
"Mind,Body,Spirit",Mind,Abandonment,2 Corinthians,4,9
"Mind,Body,Spirit",Mind,Abandonment,Hebrews,13,5
"Mind,Body,Spirit",Mind,Abandonment,Hebrews,13,6

"========== MIND ==========", , , , ,
"========== ABIDING IN CHRIST ==========", , , , ,
"Mind,Body,Spirit",Mind,"Abiding in Christ",John,8,31
"Mind,Body,Spirit",Mind,"Abiding in Christ",John,15,4
"Mind,Body,Spirit",Mind,"Abiding in Christ",John,15,5
"Mind,Body,Spirit",Mind,"Abiding in Christ",John,15,6
"Mind,Body,Spirit",Mind,"Abiding in Christ",John,15,7
"Mind,Body,Spirit",Mind,"Abiding in Christ",John,15,9
"Mind,Body,Spirit",Mind,"Abiding in Christ",John,15,10
"Mind,Body,Spirit",Mind,"Abiding in Christ",1 John,2,6
"Mind,Body,Spirit",Mind,"Abiding in Christ",1 John,2,10
"Mind,Body,Spirit",Mind,"Abiding in Christ",1 John,2,24
"Mind,Body,Spirit",Mind,"Abiding in Christ",1 John,2,27
"Mind,Body,Spirit",Mind,"Abiding in Christ",1 John,2,28
"Mind,Body,Spirit",Mind,"Abiding in Christ",1 John,3,6
"Mind,Body,Spirit",Mind,"Abiding in Christ",1 John,3,24
"Mind,Body,Spirit",Mind,"Abiding in Christ",1 John,4,12
"Mind,Body,Spirit",Mind,"Abiding in Christ",1 John,4,13
"Mind,Body,Spirit",Mind,"Abiding in Christ",1 John,4,14
"Mind,Body,Spirit",Mind,"Abiding in Christ",1 John,4,15
"Mind,Body,Spirit",Mind,"Abiding in Christ",1 John,4,16
"Mind,Body,Spirit",Mind,"Abiding in Christ",2 John,1,9

"========== MIND ==========", , , , ,
"========== ACCEPTANCE BY GOD ==========", , , , ,
"Mind,Body,Spirit",Mind,"Acceptance by God",Genesis,4,6
"Mind,Body,Spirit",Mind,"Acceptance by God",Genesis,4,7
"Mind,Body,Spirit",Mind,"Acceptance by God",Exodus,28,38
"Mind,Body,Spirit",Mind,"Acceptance by God",2 Samuel,24,23
"Mind,Body,Spirit",Mind,"Acceptance by God",Job,42,9
"Mind,Body,Spirit",Mind,"Acceptance by God",Psalms,6,9
"Mind,Body,Spirit",Mind,"Acceptance by God",Ezekiel,20,40
"Mind,Body,Spirit",Mind,"Acceptance by God",Ezekiel,43,27
"Mind,Body,Spirit",Mind,"Acceptance by God",John,6,37
"Mind,Body,Spirit",Mind,"Acceptance by God",Acts,10,35
"Mind,Body,Spirit",Mind,"Acceptance by God",Romans,14,18
"Mind,Body,Spirit",Mind,"Acceptance by God",2 Corinthians,5,9
"Mind,Body,Spirit",Mind,"Acceptance by God",2 Corinthians, 6,17
"Mind,Body,Spirit",Mind,"Acceptance by God",Ephesians,1,4
"Mind,Body,Spirit",Mind,"Acceptance by God",Ephesians,1,5
"Mind,Body,Spirit",Mind,"Acceptance by God",Ephesians,1,6

"========== MIND ==========", , , , ,
"========== ACCEPTANCE OF OTHERS ==========", , , , ,
"Mind,Body,Spirit",Mind,"Acceptance of Others",Luke,15,22
"Mind,Body,Spirit",Mind,"Acceptance of Others",Luke,15,23
"Mind,Body,Spirit",Mind,"Acceptance of Others",Luke,15,24
"Mind,Body,Spirit",Mind,"Acceptance of Others",Romans,15,7
"Mind,Body,Spirit",Mind,"Acceptance of Others",1 Corinthians,5,11
"Mind,Body,Spirit",Mind,"Acceptance of Others",Galatians,3,28
"Mind,Body,Spirit",Mind,"Acceptance of Others",2 John,1,9
"Mind,Body,Spirit",Mind,"Acceptance of Others",2 John,1,10
"Mind,Body,Spirit",Mind,"Acceptance of Others",2 John,1,11

"========== MIND ==========", , , , ,
"========== ADVICE COUNSEL ==========", , , , ,
"Mind,Body,Spirit",Mind,"Advice, Counsel",Psalms,1,1

"========== MIND ==========", , , , ,
"========== ANGER ==========", , , , ,
"Mind,Body,Spirit",Mind,Anger,Genesis,4,4
"Mind,Body,Spirit",Mind,Anger,Genesis,4,5
"Mind,Body,Spirit",Mind,Anger,Genesis,4,6
"Mind,Body,Spirit",Mind,Anger,Genesis,4,7
"Mind,Body,Spirit",Mind,Anger,Genesis,4,8

"========== MIND ==========", , , , ,
"========== CONFLICT ENMITY HOSTILITY ==========", , , , ,
"Mind,Body,Spirit",Mind,"Conflict, Enmity, Hostility",Genesis,3,615

"========== MIND ==========", , , , ,
"========== CONTROL, TAKE CAPTIVE, RULE OVER ==========", , , , ,
"Mind,Body,Spirit",Mind,"Control, Take Captive, Rule Over",Genesis,3,16
"Mind,Body,Spirit",Mind,"Control, Take Captive, Rule Over",Genesis,4,6
"Mind,Body,Spirit",Mind,"Control, Take Captive, Rule Over",Genesis,4,7

"========== MIND ==========", , , , ,
"========== DAILY WALK ==========", , , , ,
"Mind,Body,Spirit",Mind,Daily Wallk,Psalms,1,1

"========== MIND ==========", , , , ,
"========== DESIRES ==========", , , , ,
"Mind,Body,Spirit",Mind,Desires,Genesis,3,6
"Mind,Body,Spirit",Mind,Desires,Genesis,3,16
"Mind,Body,Spirit",Mind,Desires,Psalms,1,2


"========== MIND ==========", , , , ,
"========== DESPONDENCY ==========", , , , ,
"Mind,Body,Spirit",Mind,Despondency,Genesis,4,4
"Mind,Body,Spirit",Mind,Despondency,Genesis,4,5
"Mind,Body,Spirit",Mind,Despondency,Genesis,4,6
"Mind,Body,Spirit",Mind,Despondency,Genesis,4,7
"Mind,Body,Spirit",Mind,Despondency,Genesis,4,13
"Mind,Body,Spirit",Mind,Despondency,Genesis,4,14

"========== MIND ==========", , , , ,
"========== EXCUSES ==========", , , , ,
"Mind,Body,Spirit",Mind,Excuses,Genesis,3,12
"Mind,Body,Spirit",Mind,Excuses,Genesis,3,13

"========== MIND ==========", , , , ,
"========== FEAR ==========", , , , ,
"Mind,Body,Spirit",Mind,Fear,Genesis,3,10

"========== MIND ==========", , , , ,
"========== KNOWLEDGE ==========", , , , ,
"Mind,Body,Spirit",Mind,Knowledge,Genesis,2,9
"Mind,Body,Spirit",Mind,Knowledge,Genesis,2,15
"Mind,Body,Spirit",Mind,Knowledge,Genesis,2,16
"Mind,Body,Spirit",Mind,Knowledge,Genesis,3,4
"Mind,Body,Spirit",Mind,Knowledge,Genesis,3,5
"Mind,Body,Spirit",Mind,Knowledge,Genesis,3,22

"========== MIND ==========", , , , ,
"========== LONELINESS ==========", , , , ,
"Mind,Body,Spirit",Mind,Loneliness,Genesis,2,18

"========== MIND ==========", , , , ,
"========== LOVE FROM GOD ==========", , , , ,
"Mind,Body,Spirit",Mind,"Love from God",Genesis,2,18

"========== MIND ==========", , , , ,
"========== MEDITATION ==========", , , , ,
"Mind,Body,Spirit",Mind,Meditation,Psalms,1,2

"========== MIND ==========", , , , ,
"========== SHAME ==========", , , , ,
"Mind,Body,Spirit",Mind,Shame,Genesis,2,7

"========== MIND ==========", , , , ,
"========== WISDOM WISE EYES OPENED ==========", , , , ,
"Mind,Body,Spirit",Mind,"Wisdom, Wise, Eyes Opened",Genesis,2,18
"Mind,Body,Spirit",Mind,"Wisdom, Wise, Eyes Opened",Genesis,3,22

"========== BODY ==========", , , , ,
"========== ATTACK ==========", , , , ,
"Mind,Body,Spirit",Body,"Attack, Strike",Genesis,4,15

"========== BODY ==========", , , , ,
"========== BIRTH CHILDBIRTH ==========", , , , ,
"Mind,Body,Spirit",Body,"Birth, Childbirth",Genesis,3,16
"Mind,Body,Spirit",Body,"Birth, Childbirth",Genesis,4,1
"Mind,Body,Spirit",Body,"Birth, Childbirth",Genesis,4,2

"========== BODY ==========", , , , ,
"========== BLESSINGS ==========", , , , ,
"Mind,Body,Spirit",Body,Blessings,Genesis,1,28

"========== BODY ==========", , , , ,
"========== BLOOD ==========", , , , ,
"Mind,Body,Spirit",Body,Blood,Genesis,4,10
"Mind,Body,Spirit",Body,Blood,Genesis,4,11
"Mind,Body,Spirit",Body,Blood,Genesis,4,12

"========== BODY ==========", , , , ,
"========== BONES ==========", , , , ,
"Mind,Body,Spirit",Body,Bones,Genesis,2,21
"Mind,Body,Spirit",Body,Bones,Genesis,2,22
"Mind,Body,Spirit",Body,Bones,Genesis,2,23

"========== BODY ==========", , , , ,
"========== CLOTHING COVERINGS ==========", , , , ,
"Mind,Body,Spirit",Body,"Clothing, Coverings",Genesis,3,7
"Mind,Body,Spirit",Body,"Clothing, Coverings",Genesis,3,21

"========== BODY ==========", , , , ,
"========== CREATED IN GOD'S LIKENESS ==========", , , , ,
"Mind,Body,Spirit",Body,"Created in God's Likeness",Genesis,1,26
"Mind,Body,Spirit",Body,"Created in God's Likeness",Genesis,1,27

"========== BODY ==========", , , , ,
"========== DEATH ==========", , , , ,
"Mind,Body,Spirit",Body,Death,Genesis,2,15
"Mind,Body,Spirit",Body,Death,Genesis,2,16
"Mind,Body,Spirit",Body,Death,Genesis,3,4
"Mind,Body,Spirit",Body,Death,Genesis,3,5
"Mind,Body,Spirit",Body,Death,Genesis,3,19
"Mind,Body,Spirit",Body,Death,Genesis,4,8

"========== BODY ==========", , , , ,
"========== EYES ==========", , , , ,
"Mind,Body,Spirit",Body,Eyes,Genesis,3,6

"========== BODY ==========", , , , ,
"========== FLESH ==========", , , , ,
"Mind,Body,Spirit",Body,Flesh,Genesis,2,21
"Mind,Body,Spirit",Body,Flesh,Genesis,2,22
"Mind,Body,Spirit",Body,Flesh,Genesis,2,23
"Mind,Body,Spirit",Body,Flesh,Genesis,2,24

"========== BODY ==========", , , , ,
"========== FOOD EAT ==========", , , , ,
"Mind,Body,Spirit",Body,"Food, Eat",Genesis,1,29
"Mind,Body,Spirit",Body,"Food, Eat",Genesis,2,9
"Mind,Body,Spirit",Body,"Food, Eat",Genesis,2,15
"Mind,Body,Spirit",Body,"Food, Eat",Genesis,2,16
"Mind,Body,Spirit",Body,"Food, Eat",Genesis,2,17
"Mind,Body,Spirit",Body,"Food, Eat",Genesis,3,1
"Mind,Body,Spirit",Body,"Food, Eat",Genesis,3,2
"Mind,Body,Spirit",Body,"Food, Eat",Genesis,3,3
"Mind,Body,Spirit",Body,"Food, Eat",Genesis,3,4
"Mind,Body,Spirit",Body,"Food, Eat",Genesis,3,5
"Mind,Body,Spirit",Body,"Food, Eat",Genesis,3,3
"Mind,Body,Spirit",Body,"Food, Eat",Genesis,3,11
"Mind,Body,Spirit",Body,"Food, Eat",Genesis,3,12
"Mind,Body,Spirit",Body,F"Food, Eat",Genesis,3,13
"Mind,Body,Spirit",Body,"Food, Eat",Genesis,3,14
"Mind,Body,Spirit",Body,"Food, Eat",Genesis,3,17
"Mind,Body,Spirit",Body,"Food, Eat",Genesis,3,18
"Mind,Body,Spirit",Body,"Food, Eat",Genesis,3,19
"Mind,Body,Spirit",Body,"Food, Eat",Genesis,3,22

"========== BODY ==========", , , , ,
"========== IMAGE ==========", , , , ,
"Mind,Body,Spirit",Body,Image,Genesis,1,26
"Mind,Body,Spirit",Body,Image,Genesis,1,27

"========== BODY ==========", , , , ,
"========== LIFE ==========", , , , ,
"Mind,Body,Spirit",Body,Life,Genesis,2,7
"Mind,Body,Spirit",Body,Life,Genesis,3,17

"========== BODY ==========", , , , ,
"========== LIMBS ==========", , , , ,
"Mind,Body,Spirit",Body,Limbs,Genesis,3,15

"========== BODY ==========", , , , ,
"========== NAKEDNESS ==========", , , , ,
"Mind,Body,Spirit",Body,Nakedness,Genesis,2,25
"Mind,Body,Spirit",Body,Nakedness,Genesis,3,7
"Mind,Body,Spirit",Body,Nakedness,Genesis,3,10
"Mind,Body,Spirit",Body,Nakedness,Genesis,3,11

"========== BODY ==========", , , , ,
"========== PAIN ==========", , , , ,
"Mind,Body,Spirit",Body,Pain,Genesis,3,16
"Mind,Body,Spirit",Body,Pain,Genesis,3,17

"========== BODY ==========", , , , ,
"========== STOMACH ==========", , , , ,
"Mind,Body,Spirit",Body,Stomach,Genesis,3,14

"========== BODY ==========", , , , ,
"========== SLEEP ==========", , , , ,
"Mind,Body,Spirit",Body,Sleep,Genesis,2,21
"Mind,Body,Spirit",Body,Sleep,Genesis,2,22

"========== BODY ==========", , , , ,
"========== WORK LABOR TOIL SWEAT ==========", , , , ,
"Mind,Body,Spirit",Body,"Word, Labor, Toil, Sweat",Genesis,3,17
"Mind,Body,Spirit",Body,"Word, Labor, Toil, Sweat",Genesis,3,18
"Mind,Body,Spirit",Body,"Word, Labor, Toil, Sweat",Genesis,3,19
"Mind,Body,Spirit",Body,"Word, Labor, Toil, Sweat",Genesis,3,23

"========== SPIRIT ==========", , , , ,
"========== BLESSED BLESSINGS ==========", , , , ,
"Mind,Body,Spirit",Spirit,"Blessed, Blessings",Psalms,1,1

"========== SPIRIT ==========", , , , ,
"========== DAILY WALK ==========", , , , ,
"Mind,Body,Spirit",Spirit,Daily Walk,Psalms,1,1
"Mind,Body,Spirit",Spirit,Daily Walk,Psalms,1,2

"========== SPIRIT ==========", , , , ,
"========== DECEPTION ==========", , , , ,
"Mind,Body,Spirit",Spirit,Deception,Genesis,3,13

"========== SPIRIT ==========", , , , ,
"========== ETERNAL LIFE ==========", , , , ,
"Mind,Body,Spirit",Spirit,Eternal Life,Genesis,3,22

"========== SPIRIT ==========", , , , ,
"========== GOOD AND EVIL ==========", , , , ,
"Mind,Body,Spirit",Spirit,Good and Evil,Genesis,2,9
"Mind,Body,Spirit",Spirit,Good and Evil,Genesis,2,15
"Mind,Body,Spirit",Spirit,Good and Evil,Genesis,2,16
"Mind,Body,Spirit",Spirit,Good and Evil,Genesis,3,4
"Mind,Body,Spirit",Spirit,Good and Evil,Genesis,3,5
"Mind,Body,Spirit",Spirit,Good and Evil,Genesis,3,22

"========== SPIRIT ==========", , , , ,
"========== HIDING RUNNING FROM GOD ==========", , , , ,
"Mind,Body,Spirit",Spirit,"Hiding, Running from God",Genesis,3,8
"Mind,Body,Spirit",Spirit,"Hiding, Running from God",Genesis,3,10

"========== SPIRIT ==========", , , , ,
"========== WANDER, STRAY, FALL AWAY ==========", , , , ,
"Mind,Body,Spirit",Spirit,"Wander, Stray, Fall Away",Genesis,4,10
"Mind,Body,Spirit",Spirit,"Wander, Stray, Fall Away",Genesis,4,11
"Mind,Body,Spirit",Spirit,"Wander, Stray, Fall Away",Genesis,4,12
"Mind,Body,Spirit",Spirit,"Wander, Stray, Fall Away",Genesis,4,13
"Mind,Body,Spirit",Spirit,"Wander, Stray, Fall Away",Genesis,4,14














